Sheet Name,URL
Animal_1,https://docs.google.com/spreadsheets/d/1VaM9Zb4ui172R5X5qAzt3bAeiEGcavhjG2ILkwmAydY/edit#gid=267271246
Animal_2,https://docs.google.com/spreadsheets/d/1VaM9Zb4ui172R5X5qAzt3bAeiEGcavhjG2ILkwmAydY/edit#gid=496214875
Animal_3,https://docs.google.com/spreadsheets/d/1VaM9Zb4ui172R5X5qAzt3bAeiEGcavhjG2ILkwmAydY/edit#gid=976646999
Animal_4,https://docs.google.com/spreadsheets/d/1VaM9Zb4ui172R5X5qAzt3bAeiEGcavhjG2ILkwmAydY/edit#gid=347470790
Animal_5,https://docs.google.com/spreadsheets/d/1VaM9Zb4ui172R5X5qAzt3bAeiEGcavhjG2ILkwmAydY/edit#gid=1202315016
Animal_6,https://docs.google.com/spreadsheets/d/1VaM9Zb4ui172R5X5qAzt3bAeiEGcavhjG2ILkwmAydY/edit#gid=997216831
Animal_7,https://docs.google.com/spreadsheets/d/1VaM9Zb4ui172R5X5qAzt3bAeiEGcavhjG2ILkwmAydY/edit#gid=1227532365
Animal_8,https://docs.google.com/spreadsheets/d/1VaM9Zb4ui172R5X5qAzt3bAeiEGcavhjG2ILkwmAydY/edit#gid=554722639
Animal_9,https://docs.google.com/spreadsheets/d/1VaM9Zb4ui172R5X5qAzt3bAeiEGcavhjG2ILkwmAydY/edit#gid=126131229
Animal_10,https://docs.google.com/spreadsheets/d/1VaM9Zb4ui172R5X5qAzt3bAeiEGcavhjG2ILkwmAydY/edit#gid=29295385
Animal_11,https://docs.google.com/spreadsheets/d/1VaM9Zb4ui172R5X5qAzt3bAeiEGcavhjG2ILkwmAydY/edit#gid=196831097
Animal_12,https://docs.google.com/spreadsheets/d/1VaM9Zb4ui172R5X5qAzt3bAeiEGcavhjG2ILkwmAydY/edit#gid=1117440314
Animal_13,https://docs.google.com/spreadsheets/d/1VaM9Zb4ui172R5X5qAzt3bAeiEGcavhjG2ILkwmAydY/edit#gid=1088545431
Animal_14,https://docs.google.com/spreadsheets/d/1VaM9Zb4ui172R5X5qAzt3bAeiEGcavhjG2ILkwmAydY/edit#gid=740984362
Animal_15,https://docs.google.com/spreadsheets/d/1VaM9Zb4ui172R5X5qAzt3bAeiEGcavhjG2ILkwmAydY/edit#gid=165126672
Animal_16,https://docs.google.com/spreadsheets/d/1VaM9Zb4ui172R5X5qAzt3bAeiEGcavhjG2ILkwmAydY/edit#gid=1423169235
Animal_17,https://docs.google.com/spreadsheets/d/1VaM9Zb4ui172R5X5qAzt3bAeiEGcavhjG2ILkwmAydY/edit#gid=372134460
Animal_18,https://docs.google.com/spreadsheets/d/1VaM9Zb4ui172R5X5qAzt3bAeiEGcavhjG2ILkwmAydY/edit#gid=1795178639
Animal_19,https://docs.google.com/spreadsheets/d/1VaM9Zb4ui172R5X5qAzt3bAeiEGcavhjG2ILkwmAydY/edit#gid=1993885677
Animal_20,https://docs.google.com/spreadsheets/d/1VaM9Zb4ui172R5X5qAzt3bAeiEGcavhjG2ILkwmAydY/edit#gid=339337945
Animal_21,https://docs.google.com/spreadsheets/d/1VaM9Zb4ui172R5X5qAzt3bAeiEGcavhjG2ILkwmAydY/edit#gid=1433659701
Animal_22,https://docs.google.com/spreadsheets/d/1VaM9Zb4ui172R5X5qAzt3bAeiEGcavhjG2ILkwmAydY/edit#gid=1046201932
Animal_23,https://docs.google.com/spreadsheets/d/1VaM9Zb4ui172R5X5qAzt3bAeiEGcavhjG2ILkwmAydY/edit#gid=93792047
Animal_24,https://docs.google.com/spreadsheets/d/1VaM9Zb4ui172R5X5qAzt3bAeiEGcavhjG2ILkwmAydY/edit#gid=80937444
Animal_25,https://docs.google.com/spreadsheets/d/1VaM9Zb4ui172R5X5qAzt3bAeiEGcavhjG2ILkwmAydY/edit#gid=1921227532
Animal_26,https://docs.google.com/spreadsheets/d/1VaM9Zb4ui172R5X5qAzt3bAeiEGcavhjG2ILkwmAydY/edit#gid=1428460025
Animal_27,https://docs.google.com/spreadsheets/d/1VaM9Zb4ui172R5X5qAzt3bAeiEGcavhjG2ILkwmAydY/edit#gid=792422532
Animal_28,https://docs.google.com/spreadsheets/d/1VaM9Zb4ui172R5X5qAzt3bAeiEGcavhjG2ILkwmAydY/edit#gid=1662831355
Animal_29,https://docs.google.com/spreadsheets/d/1VaM9Zb4ui172R5X5qAzt3bAeiEGcavhjG2ILkwmAydY/edit#gid=851750209
Animal_30,https://docs.google.com/spreadsheets/d/1VaM9Zb4ui172R5X5qAzt3bAeiEGcavhjG2ILkwmAydY/edit#gid=441022961
Animal_31,https://docs.google.com/spreadsheets/d/1VaM9Zb4ui172R5X5qAzt3bAeiEGcavhjG2ILkwmAydY/edit#gid=2054052449
Animal_32,https://docs.google.com/spreadsheets/d/1VaM9Zb4ui172R5X5qAzt3bAeiEGcavhjG2ILkwmAydY/edit#gid=952867703
Animal_33,https://docs.google.com/spreadsheets/d/1VaM9Zb4ui172R5X5qAzt3bAeiEGcavhjG2ILkwmAydY/edit#gid=78085174
Animal_34,https://docs.google.com/spreadsheets/d/1VaM9Zb4ui172R5X5qAzt3bAeiEGcavhjG2ILkwmAydY/edit#gid=107476765
Animal_35,https://docs.google.com/spreadsheets/d/1VaM9Zb4ui172R5X5qAzt3bAeiEGcavhjG2ILkwmAydY/edit#gid=933827875
Animal_36,https://docs.google.com/spreadsheets/d/1VaM9Zb4ui172R5X5qAzt3bAeiEGcavhjG2ILkwmAydY/edit#gid=1568412437
Animal_37,https://docs.google.com/spreadsheets/d/1VaM9Zb4ui172R5X5qAzt3bAeiEGcavhjG2ILkwmAydY/edit#gid=1012750619
Animal_38,https://docs.google.com/spreadsheets/d/1VaM9Zb4ui172R5X5qAzt3bAeiEGcavhjG2ILkwmAydY/edit#gid=760622485
Animal_39,https://docs.google.com/spreadsheets/d/1VaM9Zb4ui172R5X5qAzt3bAeiEGcavhjG2ILkwmAydY/edit#gid=765227100
Animal_40,https://docs.google.com/spreadsheets/d/1VaM9Zb4ui172R5X5qAzt3bAeiEGcavhjG2ILkwmAydY/edit#gid=1363860135
Animal_41,https://docs.google.com/spreadsheets/d/1VaM9Zb4ui172R5X5qAzt3bAeiEGcavhjG2ILkwmAydY/edit#gid=1180317103
Animal_42,https://docs.google.com/spreadsheets/d/1VaM9Zb4ui172R5X5qAzt3bAeiEGcavhjG2ILkwmAydY/edit#gid=200308811
Animal_43,https://docs.google.com/spreadsheets/d/1VaM9Zb4ui172R5X5qAzt3bAeiEGcavhjG2ILkwmAydY/edit#gid=228788211
Animal_44,https://docs.google.com/spreadsheets/d/1VaM9Zb4ui172R5X5qAzt3bAeiEGcavhjG2ILkwmAydY/edit#gid=1964465194
Animal_45,https://docs.google.com/spreadsheets/d/1VaM9Zb4ui172R5X5qAzt3bAeiEGcavhjG2ILkwmAydY/edit#gid=940377327
Animal_46,https://docs.google.com/spreadsheets/d/1VaM9Zb4ui172R5X5qAzt3bAeiEGcavhjG2ILkwmAydY/edit#gid=283814402
Animal_47,https://docs.google.com/spreadsheets/d/1VaM9Zb4ui172R5X5qAzt3bAeiEGcavhjG2ILkwmAydY/edit#gid=1950839605
Animal_48,https://docs.google.com/spreadsheets/d/1VaM9Zb4ui172R5X5qAzt3bAeiEGcavhjG2ILkwmAydY/edit#gid=1746532153
Animal_49,https://docs.google.com/spreadsheets/d/1VaM9Zb4ui172R5X5qAzt3bAeiEGcavhjG2ILkwmAydY/edit#gid=1471832733
Animal_50,https://docs.google.com/spreadsheets/d/1VaM9Zb4ui172R5X5qAzt3bAeiEGcavhjG2ILkwmAydY/edit#gid=198365601
Animal_51,https://docs.google.com/spreadsheets/d/1VaM9Zb4ui172R5X5qAzt3bAeiEGcavhjG2ILkwmAydY/edit#gid=1797840704
Animal_52,https://docs.google.com/spreadsheets/d/1VaM9Zb4ui172R5X5qAzt3bAeiEGcavhjG2ILkwmAydY/edit#gid=1892806616
Animal_53,https://docs.google.com/spreadsheets/d/1VaM9Zb4ui172R5X5qAzt3bAeiEGcavhjG2ILkwmAydY/edit#gid=249982560
Animal_54,https://docs.google.com/spreadsheets/d/1VaM9Zb4ui172R5X5qAzt3bAeiEGcavhjG2ILkwmAydY/edit#gid=636737347
Animal_55,https://docs.google.com/spreadsheets/d/1VaM9Zb4ui172R5X5qAzt3bAeiEGcavhjG2ILkwmAydY/edit#gid=1714324737
Animal_56,https://docs.google.com/spreadsheets/d/1VaM9Zb4ui172R5X5qAzt3bAeiEGcavhjG2ILkwmAydY/edit#gid=791668737
Animal_57,https://docs.google.com/spreadsheets/d/1VaM9Zb4ui172R5X5qAzt3bAeiEGcavhjG2ILkwmAydY/edit#gid=1349561260
Animal_58,https://docs.google.com/spreadsheets/d/1VaM9Zb4ui172R5X5qAzt3bAeiEGcavhjG2ILkwmAydY/edit#gid=72058523
Animal_59,https://docs.google.com/spreadsheets/d/1VaM9Zb4ui172R5X5qAzt3bAeiEGcavhjG2ILkwmAydY/edit#gid=1810298716
Animal_60,https://docs.google.com/spreadsheets/d/1VaM9Zb4ui172R5X5qAzt3bAeiEGcavhjG2ILkwmAydY/edit#gid=1070307372
Animal_61,https://docs.google.com/spreadsheets/d/1VaM9Zb4ui172R5X5qAzt3bAeiEGcavhjG2ILkwmAydY/edit#gid=1818185577
Animal_62,https://docs.google.com/spreadsheets/d/1VaM9Zb4ui172R5X5qAzt3bAeiEGcavhjG2ILkwmAydY/edit#gid=898181154
Animal_63,https://docs.google.com/spreadsheets/d/1VaM9Zb4ui172R5X5qAzt3bAeiEGcavhjG2ILkwmAydY/edit#gid=1251767301
Animal_64,https://docs.google.com/spreadsheets/d/1VaM9Zb4ui172R5X5qAzt3bAeiEGcavhjG2ILkwmAydY/edit#gid=332902962
Animal_65,https://docs.google.com/spreadsheets/d/1VaM9Zb4ui172R5X5qAzt3bAeiEGcavhjG2ILkwmAydY/edit#gid=1990197066
Animal_66,https://docs.google.com/spreadsheets/d/1VaM9Zb4ui172R5X5qAzt3bAeiEGcavhjG2ILkwmAydY/edit#gid=1377646342
Animal_67,https://docs.google.com/spreadsheets/d/1VaM9Zb4ui172R5X5qAzt3bAeiEGcavhjG2ILkwmAydY/edit#gid=1839985624
Animal_68,https://docs.google.com/spreadsheets/d/1VaM9Zb4ui172R5X5qAzt3bAeiEGcavhjG2ILkwmAydY/edit#gid=2145174624
Animal_69,https://docs.google.com/spreadsheets/d/1VaM9Zb4ui172R5X5qAzt3bAeiEGcavhjG2ILkwmAydY/edit#gid=866388699
Animal_70,https://docs.google.com/spreadsheets/d/1VaM9Zb4ui172R5X5qAzt3bAeiEGcavhjG2ILkwmAydY/edit#gid=1907710819
Animal_71,https://docs.google.com/spreadsheets/d/1VaM9Zb4ui172R5X5qAzt3bAeiEGcavhjG2ILkwmAydY/edit#gid=1086790523
Animal_72,https://docs.google.com/spreadsheets/d/1VaM9Zb4ui172R5X5qAzt3bAeiEGcavhjG2ILkwmAydY/edit#gid=913776646
Animal_73,https://docs.google.com/spreadsheets/d/1VaM9Zb4ui172R5X5qAzt3bAeiEGcavhjG2ILkwmAydY/edit#gid=1018831244
Animal_74,https://docs.google.com/spreadsheets/d/1VaM9Zb4ui172R5X5qAzt3bAeiEGcavhjG2ILkwmAydY/edit#gid=1923674952
Animal_75,https://docs.google.com/spreadsheets/d/1VaM9Zb4ui172R5X5qAzt3bAeiEGcavhjG2ILkwmAydY/edit#gid=1003987016
Animal_76,https://docs.google.com/spreadsheets/d/1VaM9Zb4ui172R5X5qAzt3bAeiEGcavhjG2ILkwmAydY/edit#gid=1173545229
Animal_77,https://docs.google.com/spreadsheets/d/1VaM9Zb4ui172R5X5qAzt3bAeiEGcavhjG2ILkwmAydY/edit#gid=396779636
Animal_78,https://docs.google.com/spreadsheets/d/1VaM9Zb4ui172R5X5qAzt3bAeiEGcavhjG2ILkwmAydY/edit#gid=1370386612
Animal_79,https://docs.google.com/spreadsheets/d/1VaM9Zb4ui172R5X5qAzt3bAeiEGcavhjG2ILkwmAydY/edit#gid=1307518398
Animal_80,https://docs.google.com/spreadsheets/d/1VaM9Zb4ui172R5X5qAzt3bAeiEGcavhjG2ILkwmAydY/edit#gid=1751508102
Animal_81,https://docs.google.com/spreadsheets/d/1VaM9Zb4ui172R5X5qAzt3bAeiEGcavhjG2ILkwmAydY/edit#gid=1563346492
Animal_82,https://docs.google.com/spreadsheets/d/1VaM9Zb4ui172R5X5qAzt3bAeiEGcavhjG2ILkwmAydY/edit#gid=452825785
Animal_83,https://docs.google.com/spreadsheets/d/1VaM9Zb4ui172R5X5qAzt3bAeiEGcavhjG2ILkwmAydY/edit#gid=1167425305
Animal_84,https://docs.google.com/spreadsheets/d/1VaM9Zb4ui172R5X5qAzt3bAeiEGcavhjG2ILkwmAydY/edit#gid=1501740647
Animal_85,https://docs.google.com/spreadsheets/d/1VaM9Zb4ui172R5X5qAzt3bAeiEGcavhjG2ILkwmAydY/edit#gid=878018962
Animal_86,https://docs.google.com/spreadsheets/d/1VaM9Zb4ui172R5X5qAzt3bAeiEGcavhjG2ILkwmAydY/edit#gid=1015789909
Animal_87,https://docs.google.com/spreadsheets/d/1VaM9Zb4ui172R5X5qAzt3bAeiEGcavhjG2ILkwmAydY/edit#gid=2076250581
Animal_88,https://docs.google.com/spreadsheets/d/1VaM9Zb4ui172R5X5qAzt3bAeiEGcavhjG2ILkwmAydY/edit#gid=189633030
Animal_89,https://docs.google.com/spreadsheets/d/1VaM9Zb4ui172R5X5qAzt3bAeiEGcavhjG2ILkwmAydY/edit#gid=1924156562
Animal_90,https://docs.google.com/spreadsheets/d/1VaM9Zb4ui172R5X5qAzt3bAeiEGcavhjG2ILkwmAydY/edit#gid=1396680794
Animal_91,https://docs.google.com/spreadsheets/d/1VaM9Zb4ui172R5X5qAzt3bAeiEGcavhjG2ILkwmAydY/edit#gid=143878591
Animal_92,https://docs.google.com/spreadsheets/d/1VaM9Zb4ui172R5X5qAzt3bAeiEGcavhjG2ILkwmAydY/edit#gid=1828414939
Animal_93,https://docs.google.com/spreadsheets/d/1VaM9Zb4ui172R5X5qAzt3bAeiEGcavhjG2ILkwmAydY/edit#gid=1413315542
Animal_94,https://docs.google.com/spreadsheets/d/1VaM9Zb4ui172R5X5qAzt3bAeiEGcavhjG2ILkwmAydY/edit#gid=241458997
Animal_95,https://docs.google.com/spreadsheets/d/1VaM9Zb4ui172R5X5qAzt3bAeiEGcavhjG2ILkwmAydY/edit#gid=18304609
Animal_96,https://docs.google.com/spreadsheets/d/1VaM9Zb4ui172R5X5qAzt3bAeiEGcavhjG2ILkwmAydY/edit#gid=94836987
Animal_97,https://docs.google.com/spreadsheets/d/1VaM9Zb4ui172R5X5qAzt3bAeiEGcavhjG2ILkwmAydY/edit#gid=910182968
Animal_98,https://docs.google.com/spreadsheets/d/1VaM9Zb4ui172R5X5qAzt3bAeiEGcavhjG2ILkwmAydY/edit#gid=2137703853
Animal_99,https://docs.google.com/spreadsheets/d/1VaM9Zb4ui172R5X5qAzt3bAeiEGcavhjG2ILkwmAydY/edit#gid=1080307010
Animal_100,https://docs.google.com/spreadsheets/d/1VaM9Zb4ui172R5X5qAzt3bAeiEGcavhjG2ILkwmAydY/edit#gid=1593641357