Name,URL
Doc 100,https://docs.google.com/document/d/18e69Uq0tsVjd_9E9KE93EfUrX1ZeHVpqlM9VxIQ4HA4/edit?usp=drivesdk
Doc 99,https://docs.google.com/document/d/1SLU51OkzqyPga0ld28PnRr0XUXcZjse16Gsmu8iZlvw/edit?usp=drivesdk
Doc 98,https://docs.google.com/document/d/1ArpUldCEpK_AmWMfCy-GWgLpJof2LOBcqXQQuaQ-dIM/edit?usp=drivesdk
Doc 97,https://docs.google.com/document/d/1F0fqbW_TD8W63TH064D7G1C2aJPN00XsiMFm8HCuQcQ/edit?usp=drivesdk
Doc 96,https://docs.google.com/document/d/10Gz85IUhjdVcaceh2nUBczCXCP3kXHaHOt4YZcZExJo/edit?usp=drivesdk
Doc 95,https://docs.google.com/document/d/1Zmz8WEJ4bONgHhzTHVZE3BL46dDPM2xg5KmPYJeXuco/edit?usp=drivesdk
Doc 94,https://docs.google.com/document/d/1D7VUdP_6aY_X8_jLNI9aWZMVciupD6zEVL1BuyxiYuk/edit?usp=drivesdk
Doc 93,https://docs.google.com/document/d/10S8sdsDZFLKbEPy_YI0PRmRNkkoL-bwchAtlEv4zT-c/edit?usp=drivesdk
Doc 92,https://docs.google.com/document/d/1JkblJ1U8Po-LMI6-vNV9RkFFpThGCy5bi7m-1eo9L5s/edit?usp=drivesdk
Doc 91,https://docs.google.com/document/d/1eHFx-tfbFVqS55Nvi59HUuXZfqBtf6h344vLmzK39qg/edit?usp=drivesdk
Doc 90,https://docs.google.com/document/d/1uuS-gk4srUkvztzEHafn4f_sfOn4OQat0iy37BrvGas/edit?usp=drivesdk
Doc 89,https://docs.google.com/document/d/1bRyKa5BZda_1Q-Ww4x5BOaftEbuCOjJw9aEkx7xOLug/edit?usp=drivesdk
Doc 88,https://docs.google.com/document/d/1yXvecdWelKxi7UNJRyVs70D8JreOoAltYepFddu9c-c/edit?usp=drivesdk
Doc 87,https://docs.google.com/document/d/1XXHAwztVl5XIFivM4Zb124LST82_rxRqR0gGnsybEgM/edit?usp=drivesdk
Doc 86,https://docs.google.com/document/d/1NCF38y8WgTZAwdP0SdBR5IfzQW-mjzSpZUFRr6vsLwI/edit?usp=drivesdk
Doc 85,https://docs.google.com/document/d/1CKCiKE5mA2cKjljWiP3RNFTJ4sdyaTKAIwgO6EO766Q/edit?usp=drivesdk
Doc 84,https://docs.google.com/document/d/1fFczGKm1ebsxQulE7EC7m5DHdmVnJPx76bl5r9sYYLo/edit?usp=drivesdk
Doc 83,https://docs.google.com/document/d/17ercpX2DqG8iPMkx5BYFKujSxq7oQ5Brr2iTWfXnLN4/edit?usp=drivesdk
Doc 82,https://docs.google.com/document/d/1GHbs-wbVjZ43fwI-ED7u4zUP9jyC6bDN11DDHu1-r0c/edit?usp=drivesdk
Doc 81,https://docs.google.com/document/d/1ae6PxQOPnXHSq-p-jcgWfnnfIbmHPdZPmYuWscxQbXQ/edit?usp=drivesdk
Doc 80,https://docs.google.com/document/d/1q7HC1Zo7ntgA-sjEQnNEP3Zmm90403G4FFG_UAAShEA/edit?usp=drivesdk
Doc 79,https://docs.google.com/document/d/1dwrtm-VPHIk88Qnkl0IwRR5fxCYEqBDKQgK9doysRPI/edit?usp=drivesdk
Doc 78,https://docs.google.com/document/d/1Bjs6Sr6fj2GWIuGJ4V1BMHyDv1HQ59JOD4HifbZi3VE/edit?usp=drivesdk
Doc 77,https://docs.google.com/document/d/1_JRtfRF_o6HzZ0B3yelE_WVTHsM9qS1c6qYFyXekj8s/edit?usp=drivesdk
Doc 76,https://docs.google.com/document/d/1I_gKqjimDJrNvybUQz4f_wcy6ZKgFHuXUckNgtfE01U/edit?usp=drivesdk
Doc 75,https://docs.google.com/document/d/1fmTQuSXDaqfuSYDdvMFqpJsbW44uz45ZZlHQDRiucRQ/edit?usp=drivesdk
Doc 74,https://docs.google.com/document/d/1P5BgYqvdpmM63EldhM9NqDD0wSoEMqrvtzAtxuyYklM/edit?usp=drivesdk
Doc 73,https://docs.google.com/document/d/15ycglmNSOJJ7VkDfzC2-SUwAcq2qvY5yZpjkXaYL-bk/edit?usp=drivesdk
Doc 72,https://docs.google.com/document/d/1QGdmbw9GSpyitVkoENp8me6B08qi-TPwMe_4oWMBnxY/edit?usp=drivesdk
Doc 71,https://docs.google.com/document/d/12UH6RjsaC-7x3E2RprfCcgF16tUxYgX81udwx7_wnzM/edit?usp=drivesdk
Doc 70,https://docs.google.com/document/d/1_JIOAfsn11RYsfwQcYD0cGQpbCoMq5sKmNcUcjtquR0/edit?usp=drivesdk
Doc 69,https://docs.google.com/document/d/14BFow6vccc3ZMr-mFt88eHjWC_6XBMnKoO8uyeLhkIc/edit?usp=drivesdk
Doc 68,https://docs.google.com/document/d/18tu5PMgP3s7flzvgb9vTw3mWD5cigFlUDyYEMfcZcag/edit?usp=drivesdk
Doc 67,https://docs.google.com/document/d/1gDVH9cbcQzL2Ysuk0Jcg2TUxCrlKdvjq9lcYqSJ2UUE/edit?usp=drivesdk
Doc 66,https://docs.google.com/document/d/1WAHtAanRvt2y_5UzMqzPNNdle2jNgcFYFR_YZS4s6eI/edit?usp=drivesdk
Doc 65,https://docs.google.com/document/d/1cXZmgP4jOhVbTA83LGbWsoDMDZc6QkAXXSYpnzMPUN0/edit?usp=drivesdk
Doc 64,https://docs.google.com/document/d/1Q7V4Afwn7P2T5kqr6C-d9U1DESqcCJPLPahR4Er1OwI/edit?usp=drivesdk
Doc 63,https://docs.google.com/document/d/16qVDmLIRC5Ac3ONPdfONT8PCvv8gmYEkzraauNYS_pA/edit?usp=drivesdk
Doc 62,https://docs.google.com/document/d/1L4xCLczTeeY3erR9zO_9yw1Kc8zmKF3ajWQgIaPvL4c/edit?usp=drivesdk
Doc 61,https://docs.google.com/document/d/1_Fz8WB3FZKy-9v13xMc3C9ZIVcpyneEZXkeqknv8HE8/edit?usp=drivesdk
Doc 60,https://docs.google.com/document/d/1okPm_J6kjo6TevSo97l8XP0WcTFyOteSF3HOTAeKu-U/edit?usp=drivesdk
Doc 59,https://docs.google.com/document/d/1Jf2gRtyoPGDOG_jbiJ7P6iF13eIbSzZtwhV9Xl3E3eA/edit?usp=drivesdk
Doc 58,https://docs.google.com/document/d/1JEt1UOAQPEbogs86KBZzE4QjPK-xi-HoF6Hpi5zhJZs/edit?usp=drivesdk
Doc 57,https://docs.google.com/document/d/12D2s-MJi7EMro-dOlfYsVhKlD3lHYtk6TDO4fxvp_dQ/edit?usp=drivesdk
Doc 56,https://docs.google.com/document/d/1Mn2DLgswjn1tAtGGGLnJ5qyU-FR78RsNZf0XNmSs324/edit?usp=drivesdk
Doc 55,https://docs.google.com/document/d/1-ctpjiCq8hBF7xhDwT0cZqVLYd9cGSPKFUOpZJ1UjLc/edit?usp=drivesdk
Doc 54,https://docs.google.com/document/d/1ou_zs9-dvwTiHY5X4DeqaqmWmrc0JwqVvuPNcMmIFGk/edit?usp=drivesdk
Doc 53,https://docs.google.com/document/d/1IjtlDoRkuK9xqx3wJqwmJNzNj_0GoA654M-kSCpMOWw/edit?usp=drivesdk
Doc 52,https://docs.google.com/document/d/1kCiksHPW3g1xsTCHRZu7g_3N0lZSeqkNLnlVTYll-Mc/edit?usp=drivesdk
Doc 51,https://docs.google.com/document/d/1WQryXwQ7kD-EKTf0NXvSO1WuynemtHnuXIa0mt6OlDA/edit?usp=drivesdk
Doc 50,https://docs.google.com/document/d/1yaPiii0LoVJ0BPqOft07TJQ2lxqnvsAAohstcgL5kW0/edit?usp=drivesdk
Doc 49,https://docs.google.com/document/d/1zChMFDZyrfy71XqQsW_qhOEIqa9HI9BWFRoEQ_KltWE/edit?usp=drivesdk
Doc 48,https://docs.google.com/document/d/1_0jwkj5CT8eO52jCrzAs_qNLVBmRfW1r3ntR7UCg5i8/edit?usp=drivesdk
Doc 47,https://docs.google.com/document/d/1RR0ZhE1Awiuv_2lQFxjxFV2cqmgECXTS0crVWtieLxU/edit?usp=drivesdk
Doc 46,https://docs.google.com/document/d/1ZS9pmJbEZNST8Q0lXNxhqtobjg5tSriZXlqxFzg6B4k/edit?usp=drivesdk
Doc 45,https://docs.google.com/document/d/1fiPidzNT9cHH1PKOJ5tufnLdAvXeYBMjnS6r_nxNpSw/edit?usp=drivesdk
Doc 44,https://docs.google.com/document/d/1i4Mr_XcdqYImrgQZ80yffkqxKHmlx0FKQG6lO_BocuM/edit?usp=drivesdk
Doc 43,https://docs.google.com/document/d/1bEMWjcJ1cvRfqXBI2IVPbDdeH4WJk6xtsTPoul7I6SI/edit?usp=drivesdk
Doc 42,https://docs.google.com/document/d/16Pw2-c_SR0ZSiXL2Rd5di9X1WWaMNMQCYvhKMEi0KHo/edit?usp=drivesdk
Doc 41,https://docs.google.com/document/d/11V3jkyVIO_Ktl5lRaiujWZeG4Rk7qxEicuRGV4GNg68/edit?usp=drivesdk
Doc 40,https://docs.google.com/document/d/1Oeo3E-oy9JSoMyi3_V7geVcymsTYyx7T89LGKZKkFOU/edit?usp=drivesdk
Doc 39,https://docs.google.com/document/d/1g38uPG8Y7sb6uEXF9Q7tVho45cbWkOPgMTJQEFw2uuw/edit?usp=drivesdk
Doc 38,https://docs.google.com/document/d/1vEx220FlFeyGAXImg5QB5bVFF1_JPLEvSkYLgCnhqps/edit?usp=drivesdk
Doc 37,https://docs.google.com/document/d/1_wixEry4xH7j8dygez1IlNP_HefvyfNybvF3j_uidF0/edit?usp=drivesdk
Doc 36,https://docs.google.com/document/d/1AXKcMLU3RZ4eTVY85g8A97WkoYfhw0qmufpNF7lapWg/edit?usp=drivesdk
Doc 35,https://docs.google.com/document/d/1pEJJ10GUNscRFNg-DBDOnIi-MS_CVjEcYP-Hp4Ct4gw/edit?usp=drivesdk
Doc 34,https://docs.google.com/document/d/12JPkUolPj8BfoKi37e9x-Mtl08h6dQ1uD0jroHwXX_M/edit?usp=drivesdk
Doc 33,https://docs.google.com/document/d/1h9NSQOWI7mVp7-bUgyJeSifX8zW4-LQWUcUorzyWhZQ/edit?usp=drivesdk
Doc 32,https://docs.google.com/document/d/1czoUq4Eq-VKCiMkws6H8g0nIlo7jgshkuGZb_-fhIjc/edit?usp=drivesdk
Doc 31,https://docs.google.com/document/d/1u96O-NGIHx4cJc0UbZasRVg-8iuFQFYuW7PAHSioaB4/edit?usp=drivesdk
Doc 30,https://docs.google.com/document/d/1rpNR8eNmXXJoDcSRbnQrA4aR__u9P8191dGDCpy8YuQ/edit?usp=drivesdk
Doc 29,https://docs.google.com/document/d/1-ko3wv107OipI6vcRy66bzWG-VZ1lDBEndDAX-QDEWk/edit?usp=drivesdk
Doc 28,https://docs.google.com/document/d/1GKUsrl_2pbg7iHA4P--NpeL86HRIkdkcwAvODc4D6Rs/edit?usp=drivesdk
Doc 27,https://docs.google.com/document/d/1ebsZZ6ZdbXXIZkaFXXXaOzXDoOVu-em4PoAfsVUv0fk/edit?usp=drivesdk
Doc 26,https://docs.google.com/document/d/1hXelk-DPpqVZh0vzSt4_wVp771C658otY6Gv-WmgDvA/edit?usp=drivesdk
Doc 25,https://docs.google.com/document/d/1jEVSMQ2Xf24talocpmKvaCxj9_Jx1UNdUSkbeEwGino/edit?usp=drivesdk
Doc 24,https://docs.google.com/document/d/1I68ammS6wBFBmkazfvs1RGlUlpptaoRCkvfKWoNvYFU/edit?usp=drivesdk
Doc 23,https://docs.google.com/document/d/1Ul3mxID0bJSvxVQz3l_vZXYSL1sXYuyAPfnrVfN3Nto/edit?usp=drivesdk
Doc 22,https://docs.google.com/document/d/1tTpBfzeJiQr0ZOCROkHQMNNIkLhku938O6RdHElmi6o/edit?usp=drivesdk
Doc 21,https://docs.google.com/document/d/1yW0kbYxZDr71RB25KebS4E_xeKDOV8QaI_HdtgEqI9U/edit?usp=drivesdk
Doc 20,https://docs.google.com/document/d/1EhdrPVgiYn7NHIj1a2Oj751aJpfsfi9M4MnbxCD3EMI/edit?usp=drivesdk
Doc 19,https://docs.google.com/document/d/1x_Zes-x-s2HrZCKgid3170H_vyM_Kk84m7eDdaZ8pq0/edit?usp=drivesdk
Doc 18,https://docs.google.com/document/d/1aY9qBA5NHpED2-xgZ7QFrl8zcsCjCpxErJi6qeLmN94/edit?usp=drivesdk
Doc 17,https://docs.google.com/document/d/1wzsQAg9ZPuE9f8AZY1avOuePUraFmDROyaLXCsEOtHg/edit?usp=drivesdk
Doc 16,https://docs.google.com/document/d/1f5h01oPypzJRWWhCnsXi0mFqO6WlfoROeKLl2bytLbg/edit?usp=drivesdk
Doc 15,https://docs.google.com/document/d/164Hs5oJljLfDCtx5nbJ6HoANOwxhc7YEHZAXBhUu8Wk/edit?usp=drivesdk
Doc 14,https://docs.google.com/document/d/1Y7cshl1V0sA-p5DLkqA3ksRZhGvyFHPKrHHzDMVG8Ok/edit?usp=drivesdk
Doc 13,https://docs.google.com/document/d/15WwE4Jfh5rpsurQF8uJzPTJphkhkWW5dYazo8VyOiKM/edit?usp=drivesdk
Doc 12,https://docs.google.com/document/d/1Z9wjGBMrQNzF0IhEm7cX7SMOF0eIHt-unhTP0u6wtvM/edit?usp=drivesdk
Doc 11,https://docs.google.com/document/d/1oEikDeZeQigenufRUBSUzP3L2rAFwY2797YSrTL9xG8/edit?usp=drivesdk
Doc 10,https://docs.google.com/document/d/13K1fwwqOA-nHkD00XYl1zPI2h6lelJed6zltmXxO59M/edit?usp=drivesdk
Doc 9,https://docs.google.com/document/d/1BtwRBkHIBHvx3xi-kLtDXI61WJ0vf-OF0454nGzq_W4/edit?usp=drivesdk
Doc 8,https://docs.google.com/document/d/1ODRCEBQRPSJ8bdFHGjYB_U-uYUSucTu9VP1h_yIio5s/edit?usp=drivesdk
Doc 7,https://docs.google.com/document/d/1ibInLzEn3iFIs3F_UZhvL-uvpKPJRBYhocvZfS98nU8/edit?usp=drivesdk
Doc 6,https://docs.google.com/document/d/1XpCrDfmQv_sGV0NhFidGMqPIjN4Xf0IVpy5Owrh6zK4/edit?usp=drivesdk
Doc 5,https://docs.google.com/document/d/18vLgtBCAeXfYyFtRTXLXJGuWTkZi_9d_RmYWC0qrZyA/edit?usp=drivesdk
Doc 4,https://docs.google.com/document/d/1C3TnJMMj37Tw1XObAMLOsHngXohf5DCEBLXQMxMk_ZU/edit?usp=drivesdk
Doc 3,https://docs.google.com/document/d/1AdsMUFvScawbxXXXdaDIOFmWOkp-_05awiwOyFSJn3Q/edit?usp=drivesdk
Doc 2,https://docs.google.com/document/d/1idrKkpgp2XAIJTRB0giOgMhIf6bAFke1eVoCh6OB0fs/edit?usp=drivesdk
Doc 1,https://docs.google.com/document/d/1yN0YZXbWLUOs0g2zGAeLW7N0K2J1-vOfRJAq_LyEhQg/edit?usp=drivesdk